{"cameraMode":{"drawMode":0,"name":"Shaded","section":"Shading Mode"},"sceneLighting":true,"audioPlay":false,"sceneViewState":{"showFog":true,"showMaterialUpdate":false,"showSkybox":true,"showFlares":true,"showImageEffects":true,"showParticleSystems":true,"showVisualEffectGraphs":true,"m_FxEnabled":true},"in2DMode":false,"pivot":{"x":0.02683424949645996,"y":2.033884048461914,"z":-0.14571893215179444},"rotation":{"x":-0.16814985871315003,"y":0.4409359097480774,"z":-0.08448510617017746,"w":-0.8775898814201355},"size":2.5704519748687746,"orthographic":false}