{"cameraMode":{"drawMode":0,"name":"Shaded","section":"Shading Mode"},"sceneLighting":false,"audioPlay":false,"sceneViewState":{"showFog":false,"showMaterialUpdate":false,"showSkybox":false,"showFlares":false,"showImageEffects":false,"showParticleSystems":false},"in2DMode":false,"pivot":{"x":-0.2765998840332031,"y":0.5916000008583069,"z":9.524100303649903},"rotation":{"x":-0.3543560802936554,"y":-0.04655890911817551,"z":-0.017674332484602929,"w":0.933800995349884},"size":9.337761878967286,"orthographic":false}