{"cameraMode":{"drawMode":0,"name":"Shaded","section":"Shading Mode"},"sceneLighting":false,"audioPlay":false,"sceneViewState":{"showFog":false,"showMaterialUpdate":false,"showSkybox":false,"showFlares":false,"showImageEffects":false,"showParticleSystems":false},"in2DMode":false,"pivot":{"x":3.2989001274108888,"y":2.1929001808166506,"z":3.0495996475219728},"rotation":{"x":0.040053099393844607,"y":0.8886937499046326,"z":-0.07913564145565033,"w":0.44988206028938296},"size":6.35016393661499,"orthographic":false}