{"cameraMode":{"drawMode":0,"name":"Shaded","section":"Shading Mode"},"sceneLighting":false,"audioPlay":false,"sceneViewState":{"showFog":false,"showMaterialUpdate":false,"showSkybox":false,"showFlares":false,"showImageEffects":false,"showParticleSystems":false},"in2DMode":false,"pivot":{"x":-0.1568303108215332,"y":0.3542003631591797,"z":5.334673881530762},"rotation":{"x":-0.3543560802936554,"y":-0.04655890911817551,"z":-0.017674332484602929,"w":0.933800995349884},"size":4.032837390899658,"orthographic":false}