{"cameraMode":{"drawMode":0,"name":"Shaded","section":"Shading Mode"},"sceneLighting":true,"audioPlay":false,"sceneViewState":{"showFog":false,"showMaterialUpdate":false,"showSkybox":false,"showFlares":false,"showImageEffects":false,"showParticleSystems":false},"in2DMode":false,"pivot":{"x":-6.407863616943359,"y":3.4029769897460939,"z":1.3759043216705323},"rotation":{"x":0.2387876808643341,"y":-0.6223092675209045,"z":0.20753519237041474,"w":0.7160044312477112},"size":44.23558044433594,"orthographic":false}